Address,full_address,latitude,longitude
945 Canterbury St.,"945 Canterbury St, Roslindale, MA 02131",42.279031,-71.11750110000001
60 Fairmont Ave.,"60 Fairmount Ave, Hyde Park, MA 02136",42.2551517,-71.119886
975 Blue Hill Ave.,"975 Blue Hill Ave, Boston, MA 02124",42.2909148,-71.0896939
425 Faneuil St.,"425 Faneuil St, Boston, MA 02135",42.35128479999999,-71.1681838
460 Cambridge St.,"460 Cambridge St, Allston, MA 02134",42.3537688,-71.1360162
138 Chestnut Hill Ave.,"138 Chestnut Hill Ave, Brighton, MA 02135",42.3426993,-71.15345289999999
209 Neponset Valley Parkway,"209 Neponset Valley Pkwy, Hyde Park, MA 02136",42.2367705,-71.13128019999999
5115 Washington St.,"5115 Washington St, Boston, MA 02132",42.2640304,-71.1548313
1940 Centre St.,"1940 Centre St, Boston, MA 02132",42.284034,-71.1565547
560 Huntington Ave.,"560 Huntington Ave, Boston, MA 02115",42.337124,-71.096043
746 Centre St.,"746 Centre St, Jamaica Plain, MA 02130",42.3105865,-71.1145188
1870 Columbus Ave.,"1870 Columbus Ave, Boston, MA 02119",42.3184249,-71.0977281
301 Neponset Ave.,"301 Neponset Ave, Boston, MA 02122",42.2885613,-71.04787019999999
"1884 Dorchester Ave
","1884 Dorchester Ave, Boston, MA 02124",42.2864805,-71.0638676
9 Gallivan Blvd.,"9 Gallivan Blvd, Boston, MA 02124",42.2782702,-71.07877959999999
44 Winter St.,"44 Winter St, Boston, MA 02122",42.3077888,-71.0622024
641 Columbia Rd.,"641 Columbia Rd, Dorchester, MA 02125",42.3183423,-71.0632833
36 Washington St.,"36 Washington St, Boston, MA 02121",42.3074851,-71.08220589999999
174 Dudley St.,"174 Dudley St, Boston, MA 02119",42.3288496,-71.0823204
272 D St.,"272 D St, Boston, MA 02127",42.3396155,-71.05050589999999
700 East Fourth St.,"700 E 4th St, Boston, MA 02127",42.3350093,-71.03710149999999
125 Purchase St.,"125 High Street, 125 Purchase St, Boston, MA 02110",42.3551724,-71.0525052
941 Boylston St.,"941 Boylston St, Boston, MA 02115",42.3480147,-71.0855649
700 Tremont St.,"700 Tremont St, Boston, MA 02118",42.3404446,-71.0775803
618 Harrison Ave.,"618 Harrison Ave, Boston, MA 02118",42.3400068,-71.0685592
200 Columbus Ave.,"200 Columbus Ave, Boston, MA 02116",42.3489273,-71.0710083
34 Winthrop St.,"34 Winthrop St, Boston, MA 02119",42.3262623,-71.0807584
525 Main St.,,,
392 Hanover St.,"392 Hanover St, Boston, MA 02113",42.3657141,-71.0530964
"200 Cambridge St.
","200 Cambridge St, Boston, MA 02114",42.3608349,-71.0657015
"1 Ashley St.
","1 Ashley St, Boston, MA 02128",42.3880918,-71.0038766
"239 Sumner St.
","239 Sumner St, East Boston, MA 02128",42.3680334,-71.03877299999999
360 Saratoga St.,"360 Saratoga St, Boston, MA 02128",42.3791111,-71.03025889999999
